BatchNumber,FolderRef,RecordID,Representation,FileSysID,ParentFileSysID,FileOrder,ChecksumMD5,ChecksumSHA256,FilePathName,Note1,Note2
BATCH-01,Pictures,,Access,,,,3d71924b9d263b8659f84815087cc361,4ffded0ab1f9f0334865a24b17b0f3f29e5d68b914f4e3a3b0a733c2b212353e,\BATCH-01\Pictures\Access\oakland03.tif,,
BATCH-01,Pictures,,Master,,,,e5913bebe296eb433fdade7400860e73,f78615cd834f7fb84832177e73f13e3479f5b5b22ae7a9506c7fa0a14fd9df9e,\BATCH-01\Pictures\Master\lion.svg,,
BATCH-01,Pictures,,Master,,,,04f7802b45838fed393d45afadaa9dcc,d10bbb2cddc343cd50a304c21e67cb9d5937a93bcff5e717de2df65e0a6309d6,\BATCH-01\Pictures\Master\oakland03.jp2,,

