<?xml version="1.0" encoding="UTF-8"?>
<paket xmlns:xsi="http://www.w3.org/2001/XMLSchema-instance" xmlns="http://bar.admin.ch/arelda/v4" xsi:type="paketSIP" schemaVersion="4.0">
  <paketTyp>SIP</paketTyp>
  <inhaltsverzeichnis>
    <ordner>
      <name>header</name>
      <ordner>
        <name>xsd</name>
        <datei id="XSD0">
          <name>ablieferung.xsd</name>
          <originalName>ablieferung.xsd</originalName>
          <pruefalgorithmus>MD5</pruefalgorithmus>
          <pruefsumme>aa1f7ad13064e1643ac85478296165af</pruefsumme>
        </datei>
        <datei id="XSD1">
          <name>archivischeNotiz.xsd</name>
          <originalName>archivischeNotiz.xsd</originalName>
          <pruefalgorithmus>MD5</pruefalgorithmus>
          <pruefsumme>847911efbac472d0ecc6fe1e99873799</pruefsumme>
        </datei>
        <datei id="XSD2">
          <name>archivischerVorgang.xsd</name>
          <originalName>archivischerVorgang.xsd</originalName>
          <pruefalgorithmus>MD5</pruefalgorithmus>
          <pruefsumme>4a237563fd2d40be9a9ecbf4c0bf946e</pruefsumme>
        </datei>
        <datei id="XSD3">
          <name>arelda.xsd</name>
          <originalName>arelda.xsd</originalName>
          <pruefalgorithmus>MD5</pruefalgorithmus>
          <pruefsumme>f8454632e1ebf97e0aa8d9527ce2641f</pruefsumme>
        </datei>
        <datei id="XSD4">
          <name>base.xsd</name>
          <originalName>base.xsd</originalName>
          <pruefalgorithmus>MD5</pruefalgorithmus>
          <pruefsumme>cb30854883c6d5640b0965dae5f34afd</pruefsumme>
        </datei>
        <datei id="XSD5">
          <name>datei.xsd</name>
          <originalName>datei.xsd</originalName>
          <pruefalgorithmus>MD5</pruefalgorithmus>
          <pruefsumme>a4276f0c798ce6c497f0a03660ead0d9</pruefsumme>
        </datei>
        <datei id="XSD6">
          <name>dokument.xsd</name>
          <originalName>dokument.xsd</originalName>
          <pruefalgorithmus>MD5</pruefalgorithmus>
          <pruefsumme>721965e5224766040bf0bcd03978809e</pruefsumme>
        </datei>
        <datei id="XSD7">
          <name>dossier.xsd</name>
          <originalName>dossier.xsd</originalName>
          <pruefalgorithmus>MD5</pruefalgorithmus>
          <pruefsumme>f3f1141d95e92a291e84cfb30bb30e9a</pruefsumme>
        </datei>
        <datei id="XSD8">
          <name>ordner.xsd</name>
          <originalName>ordner.xsd</originalName>
          <pruefalgorithmus>MD5</pruefalgorithmus>
          <pruefsumme>83e0f91d1a232c7bdd7416970844af1c</pruefsumme>
        </datei>
        <datei id="XSD9">
          <name>ordnungssystem.xsd</name>
          <originalName>ordnungssystem.xsd</originalName>
          <pruefalgorithmus>MD5</pruefalgorithmus>
          <pruefsumme>4b64247b25362382d6c648ba8ff76ad6</pruefsumme>
        </datei>
        <datei id="XSD10">
          <name>ordnungssystemposition.xsd</name>
          <originalName>ordnungssystemposition.xsd</originalName>
          <pruefalgorithmus>MD5</pruefalgorithmus>
          <pruefsumme>1e7f0a9b914c8baf1235740b133ec90e</pruefsumme>
        </datei>
        <datei id="XSD11">
          <name>paket.xsd</name>
          <originalName>paket.xsd</originalName>
          <pruefalgorithmus>MD5</pruefalgorithmus>
          <pruefsumme>9920c66b7066f645390e922ba803aadb</pruefsumme>
        </datei>
        <datei id="XSD12">
          <name>provenienz.xsd</name>
          <originalName>provenienz.xsd</originalName>
          <pruefalgorithmus>MD5</pruefalgorithmus>
          <pruefsumme>2d6dbc4665cb5169d62549dbbc3f19a7</pruefsumme>
        </datei>
        <datei id="XSD13">
          <name>zusatzDaten.xsd</name>
          <originalName>zusatzDaten.xsd</originalName>
          <pruefalgorithmus>MD5</pruefalgorithmus>
          <pruefsumme>a685887b7ad673ea2deac6f96cf3fb4f</pruefsumme>
        </datei>
      </ordner>
    </ordner>
    <ordner>
      <name>content</name>
      <ordner>
        <name>d0001</name>
        <datei id="DAT0">
          <name>p0001.pdf</name>
          <originalName>kurzbr_amt_20090915.doc</originalName>
          <pruefalgorithmus>MD5</pruefalgorithmus>
          <pruefsumme>06a88441b59c1e09e6e096eeaab5535f</pruefsumme>
        </datei>
        <datei id="DAT1">
          <name>p0002.pdf</name>
          <originalName>Bericht_EE.doc</originalName>
          <pruefalgorithmus>MD5</pruefalgorithmus>
          <pruefsumme>54aa7c1b7bc54e20556c6dc33b02e276</pruefsumme>
        </datei>
        <datei id="DAT2">
          <name>p0003.pdf</name>
          <originalName>besprechung_dienststelle_20091212.doc</originalName>
          <pruefalgorithmus>MD5</pruefalgorithmus>
          <pruefsumme>04871b36fac0288f862e8355fcefdf94</pruefsumme>
        </datei>
      </ordner>
      <ordner>
        <name>d0002</name>
        <datei id="DAT3">
          <name>p0004.pdf</name>
          <originalName>kurzbriefing_mm.doc</originalName>
          <pruefalgorithmus>MD5</pruefalgorithmus>
          <pruefsumme>aa5b57ec18d0b7fa58549083776d51a6</pruefsumme>
        </datei>
        <datei id="DAT4">
          <name>p0005.pdf</name>
          <originalName>p0005.pdf</originalName>
          <pruefalgorithmus>MD5</pruefalgorithmus>
          <pruefsumme>5009b6b5e9380026fe640abba311196c</pruefsumme>
        </datei>
      </ordner>
      <ordner>
        <name>d0003</name>
        <ordner>
          <name>d0004</name>
          <datei id="DAT5">
            <name>p0006.pdf</name>
            <originalName>Besprechung_SaSo_2009_v1.doc</originalName>
            <pruefalgorithmus>MD5</pruefalgorithmus>
            <pruefsumme>f20168fd9b04d7385b8a68e59f092c69</pruefsumme>
          </datei>
          <datei id="DAT6">
            <name>p0007.pdf</name>
            <originalName>Bericht_v3_0.pdf</originalName>
            <pruefalgorithmus>MD5</pruefalgorithmus>
            <pruefsumme>62b11d5de56d7f11d6159b3577c6064a</pruefsumme>
          </datei>
        </ordner>
      </ordner>
    </ordner>
  </inhaltsverzeichnis>
  <ablieferung xsi:type="ablieferungGeverSIP">
    <ablieferungstyp>GEVER</ablieferungstyp>
    <ablieferndeStelle>Bundesamt für Beispiele</ablieferndeStelle>
    <entstehungszeitraum>
      <von>
        <datum>2009-07-02</datum>
      </von>
      <bis>
        <datum>2009-12-12</datum>
      </bis>
    </entstehungszeitraum>
    <ablieferungsnummer>2001/60</ablieferungsnummer>
    <schutzfristenkategorie>Art. 9 Abs. 2 BGA</schutzfristenkategorie>
    <schutzfrist>0</schutzfrist>
    <provenienz>
      <aktenbildnerName>Bundesamt für Beispiele</aktenbildnerName>
      <systemName>Fabasoft</systemName>
      <existenzzeitraum>
        <von>
          <datum>1989</datum>
        </von>
        <bis>
          <datum>keine Angabe</datum>
        </bis>
      </existenzzeitraum>
      <registratur>Zentralregistratur</registratur>
    </provenienz>
    <ordnungssystem>
      <anwendungszeitraum>
        <von>
          <datum>2004</datum>
        </von>
        <bis>
          <datum>keine Angabe</datum>
        </bis>
      </anwendungszeitraum>
      <name>Bundesamt für Beispiele</name>
      <ordnungssystemposition id="OSP-0">
        <nummer>0</nummer>
        <titel>Führung und Querschnittsaufgaben</titel>
        <ordnungssystemposition id="OSP-1">
          <nummer>00</nummer>
          <titel>Allgemeines</titel>
        </ordnungssystemposition>
        <ordnungssystemposition id="OSP-2">
          <nummer>01</nummer>
          <titel>(rechtliche) Grundlagen</titel>
          <ordnungssystemposition id="OSP-3">
            <nummer>010</nummer>
            <titel>Allgemeines</titel>
            <ordnungssystemposition id="OSP-4">
              <nummer>010.0</nummer>
              <titel>Allgemeines</titel>
            </ordnungssystemposition>
            <ordnungssystemposition id="OSP-5">
              <nummer>010.1</nummer>
              <titel>Rechtsgutachten amts- oder themenübergreifend</titel>
            </ordnungssystemposition>
            <ordnungssystemposition id="OSP-6">
              <nummer>010.9</nummer>
              <titel>Verschiedenes</titel>
            </ordnungssystemposition>
          </ordnungssystemposition>
          <ordnungssystemposition id="OSP-7">
            <nummer>011</nummer>
            <titel>Eidgenössisches Recht</titel>
          </ordnungssystemposition>
          <ordnungssystemposition id="OSP-8">
            <nummer>012</nummer>
            <titel>Kantonales Recht</titel>
          </ordnungssystemposition>
          <ordnungssystemposition id="OSP-9">
            <nummer>013</nummer>
            <titel>Internationales Recht</titel>
          </ordnungssystemposition>
          <ordnungssystemposition id="OSP-10">
            <nummer>019</nummer>
            <titel>Verschiedenes</titel>
          </ordnungssystemposition>
        </ordnungssystemposition>
        <ordnungssystemposition id="OSP-11">
          <nummer>02</nummer>
          <titel>Strategie und Planung</titel>
          <ordnungssystemposition id="OSP-12">
            <nummer>020</nummer>
            <titel>Allgemeines</titel>
          </ordnungssystemposition>
          <ordnungssystemposition id="OSP-13">
            <nummer>021</nummer>
            <titel>Geschäftsstrategie</titel>
          </ordnungssystemposition>
          <ordnungssystemposition id="OSP-14">
            <nummer>022</nummer>
            <titel>Planung und Controlling</titel>
            <ordnungssystemposition id="OSP-15">
              <nummer>022.0</nummer>
              <titel>Allgmeines</titel>
            </ordnungssystemposition>
            <ordnungssystemposition id="OSP-16">
              <nummer>022.1</nummer>
              <titel>Mehrjahresplanung</titel>
            </ordnungssystemposition>
            <ordnungssystemposition id="OSP-17">
              <nummer>022.2</nummer>
              <titel>Planung Amtsleitung</titel>
            </ordnungssystemposition>
            <ordnungssystemposition id="OSP-18">
              <nummer>022.3</nummer>
              <titel>Planung Bereiche</titel>
            </ordnungssystemposition>
            <ordnungssystemposition id="OSP-19">
              <nummer>022.4</nummer>
              <titel>Koordination der Bereiche</titel>
            </ordnungssystemposition>
            <ordnungssystemposition id="OSP-20">
              <nummer>022.5</nummer>
              <titel>Controlling</titel>
            </ordnungssystemposition>
            <ordnungssystemposition id="OSP-21">
              <nummer>022.9</nummer>
              <titel>Verschiedenes</titel>
            </ordnungssystemposition>
          </ordnungssystemposition>
          <ordnungssystemposition id="OSP-22">
            <nummer>029</nummer>
            <titel>Verschiedenes</titel>
          </ordnungssystemposition>
        </ordnungssystemposition>
        <ordnungssystemposition id="OSP-23">
          <nummer>03</nummer>
          <titel>Operative Führung</titel>
          <ordnungssystemposition id="OSP-24">
            <nummer>030</nummer>
            <titel>Allgemeines</titel>
          </ordnungssystemposition>
          <ordnungssystemposition id="OSP-25">
            <nummer>031</nummer>
            <titel>Amtsführung</titel>
            <ordnungssystemposition id="OSP-26">
              <nummer>031.0</nummer>
              <titel>Allgemeines</titel>
            </ordnungssystemposition>
            <ordnungssystemposition id="OSP-27">
              <nummer>031.1</nummer>
              <titel>GL-Sitzungen</titel>
            </ordnungssystemposition>
            <ordnungssystemposition id="OSP-28">
              <nummer>031.2</nummer>
              <titel>Amtsdirektorenkonferenz</titel>
            </ordnungssystemposition>
            <ordnungssystemposition id="OSP-29">
              <nummer>031.3</nummer>
              <titel>Direktionsunterstützung</titel>
            </ordnungssystemposition>
            <ordnungssystemposition id="OSP-30">
              <nummer>031.9</nummer>
              <titel>Verschiedenes</titel>
            </ordnungssystemposition>
          </ordnungssystemposition>
          <ordnungssystemposition id="OSP-31">
            <nummer>032</nummer>
            <titel>Bereichsführung</titel>
          </ordnungssystemposition>
          <ordnungssystemposition id="OSP-32">
            <nummer>033</nummer>
            <titel>Zielvereinbarungen</titel>
          </ordnungssystemposition>
          <ordnungssystemposition id="OSP-33">
            <nummer>039</nummer>
            <titel>Verschiedenes</titel>
          </ordnungssystemposition>
        </ordnungssystemposition>
        <ordnungssystemposition id="OSP-34">
          <nummer>04</nummer>
          <titel>Parlaments- und Bundesverwaltungsgeschäfte</titel>
          <ordnungssystemposition id="OSP-35">
            <nummer>040</nummer>
            <titel>Allgemeines</titel>
          </ordnungssystemposition>
          <ordnungssystemposition id="OSP-36">
            <nummer>049</nummer>
            <titel>Verschiedenes</titel>
          </ordnungssystemposition>
        </ordnungssystemposition>
        <ordnungssystemposition id="OSP-37">
          <nummer>05</nummer>
          <titel>Kommunikation und Öffentlichkeitsarbeit</titel>
          <ordnungssystemposition id="OSP-38">
            <nummer>050</nummer>
            <titel>Allgemeines</titel>
          </ordnungssystemposition>
          <ordnungssystemposition id="OSP-39">
            <nummer>051</nummer>
            <titel>Grundlagen, Konzepte und Strategie</titel>
          </ordnungssystemposition>
          <ordnungssystemposition id="OSP-40">
            <nummer>052</nummer>
            <titel>Interne Kommunikation</titel>
          </ordnungssystemposition>
          <ordnungssystemposition id="OSP-41">
            <nummer>053</nummer>
            <titel>Externe Kommunikation</titel>
          </ordnungssystemposition>
          <ordnungssystemposition id="OSP-42">
            <nummer>059</nummer>
            <titel>Verschiedenes</titel>
          </ordnungssystemposition>
        </ordnungssystemposition>
        <ordnungssystemposition id="OSP-43">
          <nummer>06</nummer>
          <titel>Organisationsentwicklung</titel>
          <ordnungssystemposition id="OSP-44">
            <nummer>060</nummer>
            <titel>Allgemeines</titel>
          </ordnungssystemposition>
          <ordnungssystemposition id="OSP-45">
            <nummer>061</nummer>
            <titel>Qualitätsmanagement</titel>
          </ordnungssystemposition>
          <ordnungssystemposition id="OSP-46">
            <nummer>062</nummer>
            <titel>Prozessmanagement</titel>
          </ordnungssystemposition>
          <ordnungssystemposition id="OSP-47">
            <nummer>063</nummer>
            <titel>Wissensmanagement</titel>
          </ordnungssystemposition>
          <ordnungssystemposition id="OSP-48">
            <nummer>064</nummer>
            <titel>Projektmanagement</titel>
          </ordnungssystemposition>
          <ordnungssystemposition id="OSP-49">
            <nummer>069</nummer>
            <titel>Verschiedenes</titel>
          </ordnungssystemposition>
        </ordnungssystemposition>
        <ordnungssystemposition id="OSP-50">
          <nummer>09</nummer>
          <titel>Verschiedenes</titel>
        </ordnungssystemposition>
      </ordnungssystemposition>
      <ordnungssystemposition id="OSP-51">
        <nummer>1</nummer>
        <titel>Support und Ressourcen</titel>
        <ordnungssystemposition id="OSP-52">
          <nummer>10</nummer>
          <titel>Allgemeines</titel>
        </ordnungssystemposition>
        <ordnungssystemposition id="OSP-53">
          <nummer>11</nummer>
          <titel>Personal</titel>
          <ordnungssystemposition id="OSP-54">
            <nummer>Quark110xxxxxxxx</nummer>
            <titel>Allgemeines</titel>
          </ordnungssystemposition>
          <ordnungssystemposition id="OSP-55">
            <nummer>111</nummer>
            <titel>Personalgewinnung</titel>
          </ordnungssystemposition>
          <ordnungssystemposition id="OSP-56">
            <nummer>112</nummer>
            <titel>Personalentwicklung</titel>
          </ordnungssystemposition>
          <ordnungssystemposition id="OSP-57">
            <nummer>113</nummer>
            <titel>Personalbewirtschaftung</titel>
          </ordnungssystemposition>
          <ordnungssystemposition id="OSP-58">
            <nummer>114</nummer>
            <titel>Personalcontrolling</titel>
          </ordnungssystemposition>
          <ordnungssystemposition id="OSP-59">
            <nummer>115</nummer>
            <titel>Personalaustritt</titel>
          </ordnungssystemposition>
          <ordnungssystemposition id="OSP-60">
            <nummer>119</nummer>
            <titel>Verschiedenes</titel>
          </ordnungssystemposition>
        </ordnungssystemposition>
        <ordnungssystemposition id="OSP-61">
          <nummer>12</nummer>
          <titel>Finanzen</titel>
          <ordnungssystemposition id="OSP-62">
            <nummer>120</nummer>
            <titel>Allgemeines</titel>
          </ordnungssystemposition>
          <ordnungssystemposition id="OSP-63">
            <nummer>121</nummer>
            <titel>Finanzplanung und Budgetierung</titel>
          </ordnungssystemposition>
          <ordnungssystemposition id="OSP-64">
            <nummer>122</nummer>
            <titel>Rechnungsführung und Zahlungsabwicklung</titel>
          </ordnungssystemposition>
          <ordnungssystemposition id="OSP-65">
            <nummer>123</nummer>
            <titel>Abschluss und Berichterstattung</titel>
          </ordnungssystemposition>
          <ordnungssystemposition id="OSP-66">
            <nummer>124</nummer>
            <titel>Finanzcontrolling</titel>
          </ordnungssystemposition>
          <ordnungssystemposition id="OSP-67">
            <nummer>129</nummer>
            <titel>Verschiedenes</titel>
          </ordnungssystemposition>
        </ordnungssystemposition>
        <ordnungssystemposition id="OSP-68">
          <nummer>13</nummer>
          <titel>Informatik</titel>
          <ordnungssystemposition id="OSP-69">
            <nummer>130</nummer>
            <titel>Allgemeines</titel>
          </ordnungssystemposition>
          <ordnungssystemposition id="OSP-70">
            <nummer>131</nummer>
            <titel>Informatik steuern und führen</titel>
          </ordnungssystemposition>
          <ordnungssystemposition id="OSP-71">
            <nummer>132</nummer>
            <titel>Güter und Dienstleistungen beschaffen</titel>
          </ordnungssystemposition>
          <ordnungssystemposition id="OSP-72">
            <nummer>133</nummer>
            <titel>Informatik betreiben</titel>
          </ordnungssystemposition>
          <ordnungssystemposition id="OSP-73">
            <nummer>134</nummer>
            <titel>Benutzer unterstützen und Prozesse pflegen</titel>
          </ordnungssystemposition>
          <ordnungssystemposition id="OSP-74">
            <nummer>139</nummer>
            <titel>Verschiedenes</titel>
          </ordnungssystemposition>
        </ordnungssystemposition>
        <ordnungssystemposition id="OSP-75">
          <nummer>14</nummer>
          <titel>Informationsmanagement</titel>
          <ordnungssystemposition id="OSP-76">
            <nummer>140</nummer>
            <titel>Allgemeines</titel>
          </ordnungssystemposition>
          <ordnungssystemposition id="OSP-77">
            <nummer>141</nummer>
            <titel>Organisation der Aktenführung</titel>
          </ordnungssystemposition>
          <ordnungssystemposition id="OSP-78">
            <nummer>142</nummer>
            <titel>Betrieb des Geschäftsverwaltungssystems</titel>
            <ordnungssystemposition id="OSP-79">
              <nummer>142.0</nummer>
              <titel>Allgemeines</titel>
            </ordnungssystemposition>
            <ordnungssystemposition id="OSP-80">
              <nummer>142.1</nummer>
              <titel>Systemadministration</titel>
            </ordnungssystemposition>
            <ordnungssystemposition id="OSP-81">
              <nummer>142.2</nummer>
              <titel>Benutzersupport und -schulungen</titel>
            </ordnungssystemposition>
            <ordnungssystemposition id="OSP-82">
              <nummer>142.3</nummer>
              <titel>Change- und Releasemanagement</titel>
            </ordnungssystemposition>
            <ordnungssystemposition id="OSP-83">
              <nummer>142.9</nummer>
              <titel>Verschiedenes</titel>
            </ordnungssystemposition>
          </ordnungssystemposition>
          <ordnungssystemposition id="OSP-84">
            <nummer>143</nummer>
            <titel>Aussonderung, Ablieferung, Archivierung</titel>
          </ordnungssystemposition>
          <ordnungssystemposition id="OSP-85">
            <nummer>144</nummer>
            <titel>Bibliotheks- und Dokumentationsdienstleistungen</titel>
          </ordnungssystemposition>
          <ordnungssystemposition id="OSP-86">
            <nummer>149</nummer>
            <titel>Verschiedenes</titel>
          </ordnungssystemposition>
        </ordnungssystemposition>
        <ordnungssystemposition id="OSP-87">
          <nummer>15</nummer>
          <titel>Logistik und Infrastruktur</titel>
          <ordnungssystemposition id="OSP-88">
            <nummer>150</nummer>
            <titel>Allgemeines</titel>
          </ordnungssystemposition>
          <ordnungssystemposition id="OSP-89">
            <nummer>151</nummer>
            <titel>Logistik</titel>
            <ordnungssystemposition id="OSP-90">
              <nummer>151.0</nummer>
              <titel>Allgemeines</titel>
            </ordnungssystemposition>
            <ordnungssystemposition id="OSP-91">
              <nummer>151.1</nummer>
              <titel>Beschaffung</titel>
            </ordnungssystemposition>
            <ordnungssystemposition id="OSP-92">
              <nummer>151.2</nummer>
              <titel>Inventar</titel>
            </ordnungssystemposition>
            <ordnungssystemposition id="OSP-93">
              <nummer>151.9</nummer>
              <titel>Verschiedenes</titel>
            </ordnungssystemposition>
          </ordnungssystemposition>
          <ordnungssystemposition id="OSP-94">
            <nummer>152</nummer>
            <titel>Gebäude und Unterhalt</titel>
          </ordnungssystemposition>
          <ordnungssystemposition id="OSP-95">
            <nummer>153</nummer>
            <titel>Sicherheit</titel>
          </ordnungssystemposition>
          <ordnungssystemposition id="OSP-96">
            <nummer>159</nummer>
            <titel>Verschiedenes</titel>
          </ordnungssystemposition>
        </ordnungssystemposition>
        <ordnungssystemposition id="OSP-97">
          <nummer>19</nummer>
          <titel>Verschiedenes</titel>
        </ordnungssystemposition>
      </ordnungssystemposition>
      <ordnungssystemposition id="OSP-98">
        <nummer>2</nummer>
        <titel>Beratung / Grundlagen / Normen</titel>
        <ordnungssystemposition id="OSP-99">
          <nummer>21</nummer>
          <titel>Grundlagen Beratungstätigkeit</titel>
        </ordnungssystemposition>
        <ordnungssystemposition id="OSP-100">
          <nummer>22</nummer>
          <titel>Grundlagen, Normen, Standards</titel>
        </ordnungssystemposition>
        <ordnungssystemposition id="OSP-101">
          <nummer>20</nummer>
          <titel>Allgemeines</titel>
        </ordnungssystemposition>
        <ordnungssystemposition id="OSP-102">
          <nummer>29</nummer>
          <titel>Verschiedenes</titel>
        </ordnungssystemposition>
      </ordnungssystemposition>
      <ordnungssystemposition id="OSP-103">
        <nummer>3</nummer>
        <titel>Beispielsammlung</titel>
        <ordnungssystemposition id="OSP-104">
          <nummer>30</nummer>
          <titel>Allgemeines</titel>
        </ordnungssystemposition>
        <ordnungssystemposition id="OSP-105">
          <nummer>31</nummer>
          <titel>Grundlagen, Normen</titel>
        </ordnungssystemposition>
        <ordnungssystemposition id="OSP-106">
          <nummer>32</nummer>
          <titel>Sammlungsaktivitäten je Behördenstelle</titel>
          <ordnungssystemposition id="OSP-107">
            <nummer>320</nummer>
            <titel>Allgemeines</titel>
          </ordnungssystemposition>
          <ordnungssystemposition id="OSP-108">
            <nummer>321</nummer>
            <titel>Sammlung von Beispielen anbietepflichtiger Behördenstellen</titel>
            <dossier id="DS-0">
              <titel>Amt Stelle Blau</titel>
              <erscheinungsform>digital</erscheinungsform>
              <entstehungszeitraum>
                <von>
                  <datum>2009-09-15</datum>
                </von>
                <bis>
                  <datum>2009-12-12</datum>
                </bis>
              </entstehungszeitraum>
              <datenschutz>true</datenschutz>
              <aktenzeichen>321-ASB</aktenzeichen>
              <dokument id="DOK-0">
                <titel>Kurzbriefing Dienststelle</titel>
                <autor>Marco Muster</autor>
                <erscheinungsform>digital</erscheinungsform>
                <registrierdatum>
                  <datum>2009-09-15</datum>
                </registrierdatum>
                <entstehungszeitraum>
                  <von>
                    <datum>2009-09-15</datum>
                  </von>
                  <bis>
                    <datum>2009-09-15</datum>
                  </bis>
                </entstehungszeitraum>
                <datenschutz>false</datenschutz>
                <dateiRef>DAT0</dateiRef>
                <anwendung>intern</anwendung>
              </dokument>
              <dokument id="DOK-1">
                <titel>Bericht Sammlung Beispiele</titel>
                <autor>Elias Example</autor>
                <erscheinungsform>digital</erscheinungsform>
                <registrierdatum>
                  <datum>2009-10-14</datum>
                </registrierdatum>
                <entstehungszeitraum>
                  <von>
                    <datum>2009-10-13</datum>
                  </von>
                  <bis>
                    <datum>2009-10-13</datum>
                  </bis>
                </entstehungszeitraum>
                <datenschutz>false</datenschutz>
                <dateiRef>DAT1</dateiRef>
                <anwendung>intern</anwendung>
              </dokument>
              <dokument id="DOK-2">
                <titel>Besprechung mit Dienststelle</titel>
                <erscheinungsform>digital</erscheinungsform>
                <registrierdatum>
                  <datum>2006-12-15</datum>
                </registrierdatum>
                <entstehungszeitraum>
                  <von>
                    <datum>2009-12-12</datum>
                  </von>
                  <bis>
                    <datum>2009-12-12</datum>
                  </bis>
                </entstehungszeitraum>
                <datenschutz>false</datenschutz>
                <dateiRef>DAT2</dateiRef>
                <anwendung>intern</anwendung>
              </dokument>
            </dossier>
            <dossier id="DS-1">
              <titel>Amt Stelle Grün</titel>
              <erscheinungsform>digital</erscheinungsform>
              <entstehungszeitraum>
                <von>
                  <datum>2009-07-02</datum>
                </von>
                <bis>
                  <datum>2009-08-24</datum>
                </bis>
              </entstehungszeitraum>
              <aktenzeichen>321-ASG</aktenzeichen>
              <dokument id="DOK-3">
                <titel>Kurzbriefing Dienststelle</titel>
                <autor>Murielle Muster</autor>
                <erscheinungsform>digital</erscheinungsform>
                <registrierdatum>
                  <datum>2009-07-02</datum>
                </registrierdatum>
                <entstehungszeitraum>
                  <von>
                    <datum>2009-07-02</datum>
                  </von>
                  <bis>
                    <datum>2009-07-02</datum>
                  </bis>
                </entstehungszeitraum>
                <datenschutz>false</datenschutz>
                <dateiRef>DAT3</dateiRef>
                <anwendung>intern</anwendung>
              </dokument>
              <dokument id="DOK-4">
                <titel>Besprechung Dienststelle</titel>
                <autor>Elias Example</autor>
                <erscheinungsform>digital</erscheinungsform>
                <registrierdatum>
                  <datum>2006-12-15</datum>
                </registrierdatum>
                <entstehungszeitraum>
                  <von>
                    <datum>2009-08-24</datum>
                  </von>
                  <bis>
                    <datum>2009-08-24</datum>
                  </bis>
                </entstehungszeitraum>
                <datenschutz>false</datenschutz>
                <dateiRef>DAT4</dateiRef>
                <anwendung>intern</anwendung>
              </dokument>
            </dossier>
            <dossier id="DS-2">
              <titel>Amt Stelle Rot</titel>
              <erscheinungsform>digital</erscheinungsform>
              <entstehungszeitraum>
                <von>
                  <datum>2009-10-24</datum>
                </von>
                <bis>
                  <datum>2009-11-11</datum>
                </bis>
              </entstehungszeitraum>
              <aktenzeichen>321-ASR</aktenzeichen>
              <dossier id="DS-3">
                <titel>Amtsstelle Rot - Berichtsjahr 2009</titel>
                <erscheinungsform>digital</erscheinungsform>
                <entstehungszeitraum>
                  <von>
                    <datum>2009-10-24</datum>
                  </von>
                  <bis>
                    <datum>2009-11-11</datum>
                  </bis>
                </entstehungszeitraum>
                <aktenzeichen>321-ASR</aktenzeichen>
                <dokument id="DOK-5">
                  <titel>Besprechung Dienststelle</titel>
                  <autor>Sabine Sommer</autor>
                  <erscheinungsform>digital</erscheinungsform>
                  <registrierdatum>
                    <datum>2009-10-24</datum>
                  </registrierdatum>
                  <entstehungszeitraum>
                    <von>
                      <datum>2009-10-24</datum>
                    </von>
                    <bis>
                      <datum>2009-10-24</datum>
                    </bis>
                  </entstehungszeitraum>
                  <datenschutz>false</datenschutz>
                  <dateiRef>DAT5</dateiRef>
                  <anwendung>intern</anwendung>
                </dokument>
                <dokument id="DOK-6">
                  <titel>Bericht zur Dienststelle - 1. Halbjahr</titel>
                  <autor>Sabine Sommer</autor>
                  <erscheinungsform>digital</erscheinungsform>
                  <registrierdatum>
                    <datum>2009-11-11</datum>
                  </registrierdatum>
                  <entstehungszeitraum>
                    <von>
                      <datum>2009-11-11</datum>
                    </von>
                    <bis>
                      <datum>2009-11-11</datum>
                    </bis>
                  </entstehungszeitraum>
                  <datenschutz>false</datenschutz>
                  <dateiRef>DAT6</dateiRef>
                  <anwendung>intern</anwendung>
                </dokument>
              </dossier>
            </dossier>
          </ordnungssystemposition>
        </ordnungssystemposition>
        <ordnungssystemposition id="OSP-109">
          <nummer>39</nummer>
          <titel>Verschiedenes</titel>
        </ordnungssystemposition>
      </ordnungssystemposition>
      <ordnungssystemposition id="OSP-110">
        <nummer>4</nummer>
        <titel>Beispielvermittlung</titel>
        <ordnungssystemposition id="OSP-111">
          <nummer>40</nummer>
          <titel>Allgemeines</titel>
        </ordnungssystemposition>
        <ordnungssystemposition id="OSP-112">
          <nummer>41</nummer>
          <titel>Grundlagen, Normen</titel>
        </ordnungssystemposition>
        <ordnungssystemposition id="OSP-113">
          <nummer>42</nummer>
          <titel>Vermittlung Beispiele pro Kunde</titel>
        </ordnungssystemposition>
        <ordnungssystemposition id="OSP-114">
          <nummer>49</nummer>
          <titel>Verschiedenes</titel>
        </ordnungssystemposition>
      </ordnungssystemposition>
      <ordnungssystemposition id="OSP-115">
        <nummer>9</nummer>
        <titel>Verschiedenes, Weitere Aufgaben</titel>
        <ordnungssystemposition id="OSP-116">
          <nummer>90</nummer>
          <titel>Allgemeines</titel>
        </ordnungssystemposition>
        <ordnungssystemposition id="OSP-117">
          <nummer>99</nummer>
          <titel>Verschiedenes</titel>
        </ordnungssystemposition>
      </ordnungssystemposition>
    </ordnungssystem>
  </ablieferung>
</paket>
<!--Generated with PackageHandler 2.6.0.418-5c2d1ce5065aac568de008b78257ecc64d2d61b4-->